ticker,close,best_rule,grade,score,trades,win,avg_ret,baseline,edge,t_stat,edge_is,edge_oos,n_oos,yearly,years,mae,worst,status,trigger_price,gap_to_trigger,rsi,pctb,vs_sma50,vs_sma200,off_52w_high,ret_1m,ret_3m,ret_12m,vol,beta,corr_spy,max_dd_1y,n_bars,wf_folds,wf_positive_frac,edge_lo,edge_hi,win_lo,win_hi,edge_hc,kelly_frac,kelly_dollars,bh_total,bh_cagr,bb_5d_n,bb_5d_win,bb_5d_edge,bb_10d_n,bb_10d_win,bb_10d_edge,bb_20d_n,bb_20d_win,bb_20d_edge,50-day_5d_n,50-day_5d_win,50-day_5d_edge,50-day_10d_n,50-day_10d_win,50-day_10d_edge,50-day_20d_n,50-day_20d_win,50-day_20d_edge,10%_5d_n,10%_5d_win,10%_5d_edge,10%_10d_n,10%_10d_win,10%_10d_edge,10%_20d_n,10%_20d_win,10%_20d_edge,group,is_position,short_pct_float,days_to_cover,insider_net_shares,put_call,earnings_date,earnings_in_hold
SPY,765.4400,BB dip,No,3,29,0.6207,0.0064,0.0058,0.0006,0.0707,0.0018,-0.0013,13,0.6250,8,-0.0276,-0.1545,Armed,754.6041,-0.0142,51.3695,0.5638,0.0060,0.0695,-0.0135,-0.0026,0.0275,0.1690,0.1297,1.0000,1.0000,-0.0888,2513,5,0.6000,-0.0141,0.0124,0.4828,0.7586,-0.0014,0.1012,10115.1638,3.1751,0.1537,36,0.6389,0.0025,29,0.6207,0.0006,26,0.7692,0.0004,75,0.5467,-0.0020,51,0.6863,0.0031,38,0.7632,0.0005,1,1.0000,0.0432,1,1.0000,0.0466,1,1.0000,0.0562,"Index ETFs (SPY, VOO, QQQ)",True,,,,1.1936,,False
VOO,703.5100,BB dip,No,3,29,0.6207,0.0071,0.0058,0.0013,0.1589,0.0031,-0.0013,13,0.6250,8,-0.0274,-0.1542,Armed,693.5923,-0.0141,51.3470,0.5617,0.0059,0.0696,-0.0135,-0.0027,0.0269,0.1696,0.1291,0.9946,0.9996,-0.0890,2513,5,0.6000,-0.0134,0.0133,0.4828,0.7586,-0.0007,0.1087,10874.5970,3.2025,0.1544,36,0.6389,0.0024,29,0.6207,0.0013,26,0.7692,0.0005,74,0.5541,-0.0022,52,0.6731,0.0024,38,0.7632,0.0005,1,1.0000,0.0438,1,1.0000,0.0470,1,1.0000,0.0564,"Index ETFs (SPY, VOO, QQQ)",True,,,,1.2259,,False
MU,1074.1801,BB dip,No,3,21,0.6667,0.0356,0.0198,0.0158,0.9721,0.0073,0.0307,8,0.5714,7,-0.0706,-0.0920,Armed,914.9346,-0.1482,60.6693,0.7997,0.1308,0.6056,-0.1147,0.1515,-0.0693,5.8411,0.8144,3.3361,0.5314,-0.3910,2513,5,0.8000,-0.0100,0.0425,0.4762,0.8095,0.0138,0.2305,23054.6361,61.8032,0.5129,26,0.6923,0.0076,21,0.6667,0.0158,19,0.6316,0.0254,65,0.5538,-0.0017,48,0.5833,0.0041,31,0.5806,0.0021,119,0.5630,-0.0011,73,0.5753,0.0041,43,0.5349,-0.0063,"Semiconductors and memory (NVDA, MU)",True,0.0245,1.0700,-297619.0000,1.0296,2026-09-30,True
NVDA,230.3300,BB dip,No,3,21,0.7619,0.0340,0.0223,0.0117,0.5990,-0.0126,0.0303,11,0.8333,6,-0.0725,-0.1949,Armed,213.4289,-0.0734,60.0719,0.8275,0.0621,0.1541,-0.0207,0.0599,0.1524,0.2957,0.3775,1.8861,0.6482,-0.2021,2513,4,0.7500,-0.0219,0.0402,0.5714,0.9048,0.0097,0.2251,22507.8053,138.2973,0.6384,26,0.5385,0.0016,21,0.7619,0.0117,21,0.8571,0.0230,92,0.6087,0.0031,65,0.5692,0.0017,45,0.6667,-0.0039,101,0.6040,0.0055,64,0.6562,0.0001,40,0.7500,0.0064,"Semiconductors and memory (NVDA, MU)",True,0.0127,2.2900,-6198325.0000,0.4407,2026-11-17,False
GOOGL,340.0000,BB dip,No,3,25,0.6000,0.0117,0.0097,0.0020,0.1643,-0.0088,0.0101,13,0.7143,7,-0.0444,-0.1514,Armed,332.1161,-0.0232,46.7140,0.4196,-0.0111,0.0058,-0.1545,-0.0184,-0.0480,0.3827,0.3166,1.3542,0.5549,-0.2105,2513,5,0.8000,-0.0187,0.0207,0.4400,0.7600,-0.0000,0.1182,11819.9282,7.5527,0.2394,30,0.5667,-0.0029,25,0.6000,0.0020,22,0.7273,-0.0017,61,0.6066,0.0025,45,0.5778,0.0008,35,0.6000,-0.0012,64,0.5469,0.0039,39,0.5641,0.0038,23,0.4348,-0.0143,"Mega-cap platforms (AMZN, GOOGL, META, MSFT)",True,0.0149,3.6800,0.0000,0.8488,2026-10-28,False
META,722.5800,BB dip,No,3,22,0.6364,0.0150,0.0093,0.0058,0.3866,0.0083,0.0029,8,0.5000,8,-0.0481,-0.1629,Armed,584.7990,-0.1907,62.1364,0.7115,0.1687,0.1541,-0.0707,0.2511,0.2838,-0.0252,0.4173,1.4519,0.4513,-0.2994,2513,5,0.6000,-0.0195,0.0285,0.4545,0.8182,0.0038,0.1358,13580.1068,4.6952,0.1900,27,0.5185,0.0005,22,0.6364,0.0058,18,0.8333,0.0257,70,0.5857,0.0018,45,0.6222,0.0034,36,0.7222,0.0089,62,0.5645,-0.0038,40,0.5750,-0.0072,28,0.6071,-0.0025,"Mega-cap platforms (AMZN, GOOGL, META, MSFT)",True,0.0141,1.6800,-193282.0000,0.4620,2026-10-28,False
AMZN,245.5400,BB dip,No,2,24,0.5417,0.0103,0.0081,0.0022,0.1897,-0.0039,0.0093,11,0.6250,8,-0.0443,-0.0847,Armed,245.8890,0.0014,40.6826,0.0791,-0.0411,0.0188,-0.1355,-0.0784,0.0302,0.1172,0.3436,1.4403,0.5438,-0.2174,2513,5,0.4000,-0.0153,0.0204,0.3750,0.7083,0.0002,0.1006,10058.2811,4.9234,0.1947,30,0.4667,0.0007,24,0.5417,0.0022,22,0.5909,0.0049,80,0.4625,-0.0036,53,0.5283,-0.0060,34,0.5000,-0.0145,69,0.5362,-0.0002,43,0.6047,-0.0024,26,0.5000,0.0004,"Mega-cap platforms (AMZN, GOOGL, META, MSFT)",True,0.0083,2.5100,-1476012.0000,0.4042,2026-10-29,False
MSFT,504.6900,BB dip,No,2,20,0.6500,0.0136,0.0095,0.0041,0.3668,0.0170,-0.0201,7,0.5000,8,-0.0358,-0.0886,Armed,489.2675,-0.0306,55.7467,0.6916,0.0519,0.1714,-0.0613,-0.0172,0.3555,-0.0051,0.3271,0.9646,0.3826,-0.3450,2513,4,0.5000,-0.0136,0.0223,0.4500,0.8000,0.0021,0.1581,15813.3031,8.9018,0.2577,24,0.6250,0.0055,20,0.6500,0.0041,17,0.7647,0.0175,79,0.5696,-0.0008,55,0.5636,-0.0001,38,0.6579,0.0103,45,0.5111,-0.0010,30,0.5333,-0.0030,18,0.3889,-0.0193,"Mega-cap platforms (AMZN, GOOGL, META, MSFT)",True,0.0091,3.2100,-166771.0000,1.2348,2026-10-28,False
BE,290.7301,50-day pullback,No,1,28,0.4643,0.0323,0.0291,0.0032,0.0775,0.0493,-0.0417,16,0.3333,6,-0.1404,-0.3232,Armed,247.9212,-0.1472,60.1489,0.8405,0.2504,0.4205,-0.1594,0.3794,-0.0395,3.1344,1.1433,4.2695,0.4845,-0.5265,2056,4,0.2500,-0.0627,0.0691,0.3214,0.6071,0.0012,0.0719,7188.1832,10.6292,0.3497,16,0.5625,-0.0341,14,0.5714,0.0368,12,0.5000,0.0351,41,0.5366,0.0021,28,0.4643,0.0032,18,0.4444,-0.0368,145,0.5034,-0.0030,81,0.4691,-0.0073,45,0.5778,0.0004,Power and clean energy (BE),True,0.0734,1.4600,-298242.0000,0.5021,2026-10-27,False
SDS,54.0991,10% drawdown,n/a (decay),1,19,0.3684,-0.0152,-0.0102,-0.0049,-0.2413,0.0061,-0.0241,7,0.0000,4,-0.0738,-0.1846,Trend filter off,53.2855,-0.0150,49.8560,0.4747,-0.0057,-0.1136,-0.3070,0.0111,-0.0374,-0.2263,0.2579,-1.9861,-0.9991,-0.3321,2513,3,0.3333,-0.0357,0.0294,0.2105,0.5263,-0.0069,0.0000,0.0000,-0.9589,-0.2733,3,0.3333,-0.0015,2,0.0000,-0.0630,2,0.0000,-0.0746,12,0.4167,0.0096,7,0.2857,-0.0003,5,0.2000,-0.0399,32,0.4375,-0.0077,19,0.3684,-0.0049,11,0.2727,-0.0103,Inverse ETFs (SDS),True,,,,0.0818,,False
QQQ,738.7150,10% drawdown,No,1,12,0.8333,0.0370,0.0078,0.0292,1.7874,0.0150,0.0742,3,,3,-0.0267,-0.1083,Armed,672.7140,-0.0893,59.8641,0.7735,0.0351,0.1104,-0.0117,0.0322,0.0042,0.2453,0.1992,1.4268,0.9292,-0.1196,2513,1,,0.0014,0.0530,0.6667,1.0000,0.0272,0.2500,25000.0000,5.7082,0.2097,33,0.5455,-0.0034,26,0.5769,0.0003,23,0.6957,0.0026,73,0.5342,-0.0059,53,0.5660,-0.0060,36,0.6667,-0.0058,16,0.8750,0.0234,12,0.8333,0.0292,10,0.8000,0.0445,"Index ETFs (SPY, VOO, QQQ)",True,,,,1.7851,,False
KLAC,197.3250,BB dip,Consistent,5,25,0.7600,0.0522,0.0156,0.0366,2.1996,0.0234,0.0526,11,0.7143,7,-0.0373,-0.0757,Armed,166.2362,-0.1576,61.5240,0.9921,0.0489,0.1191,-0.3452,0.1241,-0.3452,0.8641,0.6066,2.7830,0.5952,-0.4447,2513,5,0.8000,0.0090,0.0652,0.6400,0.8800,0.0346,0.2500,25000.0000,32.6112,0.4212,31,0.6129,0.0188,25,0.7600,0.0366,22,0.7273,0.0565,79,0.5696,-0.0054,56,0.6429,0.0077,39,0.5641,0.0029,111,0.6396,0.0050,68,0.6029,0.0107,44,0.6591,0.0242,"Semiconductors and memory (NVDA, MU)",False,0.0202,2.5500,-386605.0000,0.7003,2026-10-28,False
ASML,1816.6350,50-day pullback,No,4,46,0.6087,0.0332,0.0129,0.0203,1.7221,0.0139,0.0274,21,0.6667,9,-0.0441,-0.1004,Armed,1758.1668,-0.0322,61.7158,0.9836,0.0566,0.1885,-0.0857,0.0710,-0.0857,0.9218,0.4640,2.2098,0.6178,-0.2195,2513,5,0.8000,0.0016,0.0388,0.4783,0.7174,0.0183,0.2024,20243.8120,17.3451,0.3377,28,0.6071,-0.0035,23,0.5217,0.0041,20,0.6000,-0.0119,71,0.5634,0.0044,46,0.6087,0.0203,31,0.7097,0.0415,85,0.5765,0.0025,55,0.6182,0.0093,37,0.7297,0.0183,"Semiconductors and memory (NVDA, MU)",False,0.0038,1.2400,,0.8165,2026-10-14,False
SMH,610.3800,BB dip,No,4,27,0.7407,0.0350,0.0123,0.0227,1.4080,0.0081,0.0397,12,0.8571,7,-0.0412,-0.1404,Armed,535.8526,-0.1221,62.7580,0.8843,0.0750,0.2316,-0.0875,0.1035,-0.0694,0.9026,0.3989,2.3796,0.7738,-0.2462,2513,5,0.8000,-0.0035,0.0486,0.5926,0.8889,0.0207,0.2429,24290.8049,18.5971,0.3466,32,0.5938,0.0021,27,0.7407,0.0227,24,0.8333,0.0325,88,0.6136,0.0017,59,0.6102,-0.0013,39,0.6410,-0.0035,65,0.6000,-0.0002,40,0.6500,0.0115,25,0.6400,0.0043,"Semiconductors and memory (NVDA, MU)",False,,,,26.5630,,False
AAPL,332.8600,10% drawdown,No,4,37,0.7027,0.0252,0.0116,0.0135,1.4896,0.0035,0.0298,14,0.8571,7,-0.0455,-0.1110,Armed,306.9630,-0.0778,54.6086,0.5579,0.0338,0.1559,-0.0241,0.0412,0.1513,0.3078,0.2450,0.6836,0.3619,-0.1380,2513,4,0.7500,-0.0010,0.0279,0.5946,0.8108,0.0115,0.2324,23239.0057,11.9750,0.2922,35,0.4857,-0.0028,29,0.5172,-0.0004,24,0.6667,-0.0113,66,0.4848,-0.0055,49,0.4694,-0.0096,36,0.6389,0.0026,60,0.6167,0.0046,37,0.7027,0.0135,24,0.7083,0.0089,"Mega-cap platforms (AMZN, GOOGL, META, MSFT)",False,0.0088,3.0300,-313955.0000,1.1564,2026-10-29,False
VST,141.4750,BB dip,No,4,17,0.6471,0.0342,0.0120,0.0222,0.6825,0.0081,0.0503,6,0.6000,5,-0.0583,-0.2228,Trend filter off,135.7304,-0.0406,48.9440,0.4341,-0.0224,-0.0868,-0.3251,0.0337,-0.1067,-0.3133,0.4856,1.4366,0.3838,-0.3593,2509,4,0.7500,-0.0250,0.0765,0.4706,0.8235,0.0202,0.2050,20502.7064,11.4988,0.2879,21,0.5238,-0.0063,17,0.6471,0.0222,14,0.5000,0.0546,66,0.5455,-0.0072,46,0.5652,-0.0075,33,0.6364,-0.0043,76,0.5658,0.0038,48,0.6042,0.0075,30,0.5000,-0.0025,Power and clean energy (BE),False,0.0335,2.2200,-112367.0000,0.1105,2026-11-05,False
DIA,513.2500,50-day pullback,No,4,51,0.6078,0.0076,0.0050,0.0026,0.7251,0.0010,0.0036,26,0.6667,9,-0.0230,-0.0454,Armed,522.6075,0.0182,39.8778,0.2064,-0.0244,0.0282,-0.0515,-0.0386,-0.0141,0.1266,0.1267,0.8201,0.8394,-0.0976,2513,5,0.6000,-0.0031,0.0086,0.4902,0.7255,0.0006,0.1563,15625.2431,2.4333,0.1313,40,0.6250,0.0027,33,0.5758,0.0053,27,0.7037,0.0097,74,0.4865,-0.0028,51,0.6078,0.0026,38,0.6053,-0.0000,3,0.6667,0.0113,2,1.0000,0.0206,2,1.0000,0.0263,"Index ETFs (SPY, VOO, QQQ)",False,,,,1.3690,,False
XLK,195.4000,10% drawdown,No,4,19,0.7368,0.0288,0.0092,0.0196,1.5965,0.0153,0.0274,7,1.0000,4,-0.0431,-0.0863,Armed,176.6430,-0.0960,62.6580,0.8229,0.0559,0.1931,-0.0118,0.0535,0.0268,0.4087,0.2647,1.7408,0.8531,-0.1592,2513,4,1.0000,-0.0007,0.0390,0.5789,0.8947,0.0176,0.2500,25000.0000,8.1069,0.2472,29,0.6552,0.0077,23,0.6087,0.0083,21,0.8095,0.0108,79,0.5063,-0.0070,52,0.5385,-0.0093,39,0.7436,-0.0049,28,0.6071,0.0092,19,0.7368,0.0196,13,0.8462,0.0260,"Index ETFs (SPY, VOO, QQQ)",False,,,,0.5112,,False
AVGO,360.5700,10% drawdown,No,3,57,0.6491,0.0203,0.0144,0.0059,0.4302,-0.0047,0.0063,37,0.6250,8,-0.0629,-0.2481,Trend filter off,384.2842,0.0658,49.6761,0.6242,-0.0391,-0.0163,-0.2487,-0.0205,-0.0437,0.0859,0.4655,2.1536,0.6001,-0.2944,2513,4,0.7500,-0.0178,0.0265,0.5439,0.7377,0.0039,0.1477,14765.1384,26.2412,0.3917,32,0.6250,0.0112,26,0.6154,-0.0037,24,0.7083,0.0153,89,0.5506,-0.0065,63,0.5714,0.0010,46,0.5217,-0.0074,92,0.5978,0.0027,57,0.6491,0.0059,34,0.6176,-0.0043,"Semiconductors and memory (NVDA, MU)",False,0.0111,2.0100,-791118.0000,0.2432,2026-12-09,False
AMAT,507.0600,BB dip,No,3,20,0.6500,0.0308,0.0136,0.0172,0.8645,0.0111,0.0235,9,0.3333,6,-0.0585,-0.1686,Armed,415.8871,-0.1798,61.8745,1.0207,0.0374,0.1988,-0.2979,0.0983,-0.2979,1.5003,0.5986,2.6982,0.5848,-0.4249,2513,5,0.6000,-0.0157,0.0476,0.4500,0.8000,0.0152,0.1991,19911.1958,18.0719,0.3429,23,0.5652,0.0118,20,0.6500,0.0172,19,0.7368,0.0167,75,0.5333,0.0037,51,0.5882,0.0037,37,0.5405,-0.0031,90,0.5333,-0.0038,58,0.5172,-0.0073,39,0.6154,0.0047,"Semiconductors and memory (NVDA, MU)",False,0.0178,2.2000,-286588.0000,0.6461,2026-11-12,False
LRCX,326.3550,BB dip,No,3,19,0.6316,0.0380,0.0166,0.0214,0.8579,0.0011,0.0487,8,0.4286,7,-0.0557,-0.1430,Armed,270.4731,-0.1712,60.5667,0.9100,0.0710,0.1998,-0.2461,0.0822,-0.2461,1.5548,0.6491,3.2247,0.6445,-0.4176,2513,5,0.6000,-0.0213,0.0605,0.4211,0.7895,0.0194,0.1954,19539.9239,38.9925,0.4462,27,0.4815,-0.0008,19,0.6316,0.0214,16,0.7500,0.0059,62,0.5968,-0.0019,46,0.5652,0.0112,34,0.5882,0.0000,104,0.5385,-0.0060,63,0.6032,-0.0013,41,0.6829,-0.0113,"Semiconductors and memory (NVDA, MU)",False,0.0233,3.2700,-323428.0000,0.2444,2026-10-21,False
NFLX,70.4900,10% drawdown,No,3,56,0.6250,0.0162,0.0107,0.0055,0.6148,0.0023,0.0095,24,0.5000,8,-0.0482,-0.1499,Trend filter off,74.4570,0.0563,37.7555,0.1806,-0.0676,-0.1654,-0.4322,-0.1374,-0.0127,-0.4177,0.3645,0.3123,0.1112,-0.4554,2513,5,0.6000,-0.0097,0.0205,0.5000,0.7321,0.0035,0.1430,14297.0711,6.2918,0.2198,27,0.5556,0.0160,24,0.5833,0.0193,21,0.7143,0.0209,69,0.5217,-0.0086,49,0.5714,-0.0037,34,0.5882,-0.0076,93,0.6129,0.0003,56,0.6250,0.0055,36,0.6111,0.0128,"Mega-cap platforms (AMZN, GOOGL, META, MSFT)",False,0.0228,3.4400,-1079604.0000,0.1333,2026-10-20,False
ADBE,231.4500,50-day pullback,No,3,45,0.7111,0.0233,0.0050,0.0182,1.7801,0.0132,0.0324,9,0.5714,7,-0.0398,-0.1376,Trend filter off,250.4085,0.0819,34.9130,0.1545,-0.1002,-0.1151,-0.3569,-0.2061,0.1289,-0.3577,0.4076,0.3645,0.1160,-0.4626,2513,4,0.7500,0.0012,0.0348,0.5989,0.8222,0.0162,0.2059,20590.6293,1.1470,0.0794,22,0.6364,0.0034,19,0.6316,0.0026,17,0.5882,0.0180,63,0.6349,0.0075,45,0.7111,0.0182,31,0.6774,0.0222,46,0.5652,0.0080,28,0.5714,0.0111,19,0.6842,0.0279,"Mega-cap platforms (AMZN, GOOGL, META, MSFT)",False,0.0521,3.6300,-67507.0000,1.7614,2026-12-09,False
NOW,130.1550,10% drawdown,No,3,43,0.6279,0.0206,0.0104,0.0101,0.7780,-0.0021,0.0324,15,0.6250,8,-0.0558,-0.1698,Signal today,133.1910,0.0233,45.6554,0.0974,0.0260,0.1198,-0.3123,-0.1006,0.3110,-0.3047,0.5732,0.6530,0.1478,-0.5614,2513,4,0.5000,-0.0114,0.0305,0.5116,0.7442,0.0081,0.1404,14044.4129,7.2922,0.2356,26,0.6538,0.0073,22,0.5909,0.0106,20,0.7000,0.0243,66,0.5303,-0.0064,47,0.5745,0.0042,34,0.5882,-0.0007,62,0.5968,0.0019,43,0.6279,0.0101,31,0.7419,0.0246,"Mega-cap platforms (AMZN, GOOGL, META, MSFT)",False,0.0279,1.7200,-43747.0000,0.7122,2026-10-28,False
NRG,98.0200,10% drawdown,No,3,48,0.5417,0.0130,0.0117,0.0012,0.1133,0.0017,0.0005,25,0.6667,6,-0.0570,-0.1400,Trend filter off,128.2358,0.3083,33.8577,0.1550,-0.1599,-0.3056,-0.4638,-0.1179,-0.3265,-0.4113,0.4843,1.3773,0.3689,-0.4694,2513,4,0.7500,-0.0152,0.0181,0.4167,0.6667,-0.0008,0.0990,9901.4630,9.8640,0.2694,27,0.4444,0.0004,21,0.5714,0.0092,17,0.4118,-0.0202,76,0.4868,-0.0067,48,0.6250,-0.0127,38,0.5789,-0.0104,70,0.6143,0.0041,48,0.5417,0.0012,32,0.5625,0.0022,Power and clean energy (BE),False,0.0371,2.1600,-32725.0000,0.1515,2026-11-05,False
ENPH,30.7000,50-day pullback,No,3,27,0.6296,0.0525,0.0246,0.0279,0.7071,0.0424,-0.0709,6,0.6000,5,-0.1323,-0.2060,Trend filter off,36.0176,0.1732,27.7265,-0.0285,-0.1773,-0.2551,-0.5756,-0.1758,-0.3765,-0.1589,0.8229,2.5193,0.3972,-0.5756,2513,5,0.4000,-0.0283,0.0933,0.4815,0.7778,0.0259,0.1543,15426.7804,24.5833,0.3830,26,0.4615,-0.0095,19,0.4211,-0.0228,16,0.6250,-0.0129,39,0.3590,-0.0234,27,0.6296,0.0279,21,0.4762,0.0935,155,0.4774,-0.0041,94,0.5319,-0.0120,54,0.4815,0.0076,Power and clean energy (BE),False,0.2174,5.9000,1100.0000,0.9865,2026-10-27,False
PLUG,1.9092,50-day pullback,No,3,28,0.6071,0.0586,0.0129,0.0457,1.2627,0.0540,-0.0167,6,0.6667,6,-0.0942,-0.2486,Trend filter off,2.0471,0.0722,38.0066,0.0520,-0.1033,-0.2274,-0.5388,-0.1282,-0.2955,-0.1944,0.9311,2.3834,0.3321,-0.5666,2513,4,0.5000,-0.0079,0.1034,0.4643,0.7500,0.0437,0.1717,17172.5182,0.1297,0.0123,20,0.3500,-0.0245,15,0.3333,-0.0384,13,0.4615,-0.0727,41,0.5854,0.0085,28,0.6071,0.0457,23,0.6087,0.0843,129,0.4806,0.0012,77,0.5065,0.0235,45,0.5778,0.0338,Power and clean energy (BE),False,0.2316,5.5100,-282560.0000,0.0657,2026-11-09,False
IVV,768.8332,BB dip,No,3,29,0.6207,0.0070,0.0058,0.0012,0.1425,0.0029,-0.0013,13,0.6250,8,-0.0274,-0.1564,Armed,757.9044,-0.0142,51.4152,0.5650,0.0061,0.0698,-0.0133,-0.0025,0.0296,0.1700,0.1298,1.0000,0.9992,-0.0889,2513,5,0.6000,-0.0138,0.0132,0.4828,0.7586,-0.0008,0.1071,10706.3801,3.1995,0.1543,36,0.6389,0.0024,29,0.6207,0.0012,26,0.7692,0.0004,74,0.5541,-0.0020,51,0.6667,0.0031,38,0.7632,0.0003,1,1.0000,0.0430,1,1.0000,0.0463,1,1.0000,0.0556,"Index ETFs (SPY, VOO, QQQ)",False,,,,0.1900,,False
AMD,619.0000,BB dip,No,2,23,0.6957,0.0250,0.0221,0.0030,0.1921,0.0055,-0.0009,10,0.5000,8,-0.0644,-0.1142,Armed,443.0343,-0.2843,67.3562,0.8067,0.2155,0.6790,-0.0184,0.3295,0.0656,2.8819,0.7284,3.2140,0.5724,-0.2776,2513,4,0.5000,-0.0227,0.0273,0.5217,0.8261,0.0010,0.2026,20257.5235,91.8036,0.5732,33,0.7879,0.0210,23,0.6957,0.0030,19,0.6316,0.0101,64,0.4531,-0.0167,46,0.4565,-0.0199,31,0.6452,-0.0124,169,0.5148,-0.0082,99,0.5051,-0.0111,57,0.4737,-0.0102,"Semiconductors and memory (NVDA, MU)",False,0.0246,2.2300,-597870.0000,0.5328,2026-11-03,False
MRVL,261.6850,BB dip,No,2,26,0.5385,0.0167,0.0151,0.0017,0.0679,0.0312,-0.0345,12,0.6250,8,-0.0706,-0.3240,Armed,207.0021,-0.2090,61.0017,0.8254,0.1726,0.5944,-0.1728,0.2080,-0.1213,2.1531,0.7924,3.0596,0.5009,-0.4835,2513,5,0.4000,-0.0428,0.0420,0.3462,0.6923,-0.0003,0.0789,7894.2880,20.1681,0.3570,33,0.4848,-0.0041,26,0.5385,0.0017,23,0.6087,-0.0031,73,0.4795,-0.0063,50,0.5000,-0.0050,36,0.4722,-0.0048,131,0.4885,-0.0067,75,0.5867,-0.0057,48,0.5625,-0.0171,"Semiconductors and memory (NVDA, MU)",False,0.0418,1.3100,-216286.0000,0.4767,2026-12-01,False
INTC,116.7250,10% drawdown,No,2,54,0.5741,0.0240,0.0091,0.0149,1.0973,0.0052,0.0146,32,0.5000,8,-0.0645,-0.2256,Armed,114.6510,-0.0178,59.0728,0.6982,0.1688,0.4598,-0.1718,0.3046,-0.1640,2.2880,0.7725,2.9619,0.4974,-0.4190,2513,5,0.8000,-0.0065,0.0401,0.4630,0.6852,0.0129,0.1449,14488.8145,2.8601,0.1446,19,0.5789,-0.0024,15,0.5333,0.0040,13,0.3077,-0.0519,42,0.5238,-0.0009,27,0.6296,0.0067,22,0.6818,0.0184,93,0.5484,0.0049,54,0.5741,0.0149,35,0.6000,0.0238,"Semiconductors and memory (NVDA, MU)",False,0.0301,1.7400,43983.0000,0.5320,2026-10-22,False
ORCL,133.7200,50-day pullback,No,2,38,0.5789,0.0136,0.0075,0.0060,0.6374,0.0121,-0.0039,14,0.6250,8,-0.0366,-0.1071,Trend filter off,137.6297,0.0292,38.6261,0.0975,-0.0624,-0.1793,-0.5687,-0.1136,-0.0844,-0.5229,0.5631,2.0261,0.4668,-0.6291,2513,5,0.6000,-0.0086,0.0212,0.4474,0.7105,0.0040,0.1306,13061.9934,2.9686,0.1478,28,0.5000,-0.0035,24,0.5417,0.0105,20,0.6500,0.0103,55,0.5818,-0.0056,38,0.5789,0.0060,27,0.6296,0.0077,50,0.5000,-0.0085,31,0.4839,-0.0114,20,0.4500,-0.0345,"Mega-cap platforms (AMZN, GOOGL, META, MSFT)",False,0.0273,1.8200,-451075.0000,0.6493,2026-12-10,False
GEV,962.1900,10% drawdown,No,2,24,0.6250,0.0246,0.0339,-0.0093,-0.4502,-0.0226,0.0078,16,,2,-0.0754,-0.1678,Signal today,982.4130,0.0210,52.7653,0.7541,-0.0064,0.0542,-0.1810,0.0551,-0.1810,0.5936,0.5243,1.9761,0.4889,-0.2554,629,4,0.5000,-0.0417,0.0247,0.4583,0.7917,-0.0113,0.1464,14636.0133,6.3620,1.2167,11,0.6364,0.0149,7,0.7143,-0.0021,6,0.8333,-0.0182,22,0.4545,-0.0159,15,0.5333,-0.0067,10,0.6000,0.0252,40,0.5250,-0.0096,24,0.6250,-0.0093,14,0.6429,-0.0205,Power and clean energy (BE),False,0.0329,4.2000,-7152.0000,1.0391,2026-10-28,False
IWM,279.8900,10% drawdown,No,2,3,1.0000,0.0426,0.0041,0.0385,3.3972,,0.0368,3,,0,-0.0143,0.0200,Armed,273.8657,-0.0215,32.6157,0.1289,-0.0443,0.0188,-0.0802,-0.0512,-0.0660,0.1715,0.1862,1.1802,0.8221,-0.1103,2513,0,,,,,,0.0365,,,1.5818,0.0995,30,0.4333,-0.0034,22,0.5909,0.0011,19,0.6842,0.0062,80,0.5000,0.0007,56,0.5536,0.0023,41,0.5854,-0.0001,3,0.6667,0.0125,3,1.0000,0.0385,3,1.0000,0.0622,"Index ETFs (SPY, VOO, QQQ)",False,,,,1.2779,,False
TSM,450.7100,BB dip,No,1,23,0.5217,0.0070,0.0120,-0.0050,-0.2984,-0.0170,0.0061,11,0.5000,8,-0.0498,-0.1503,Armed,410.2729,-0.0897,61.7669,0.8068,0.0697,0.1773,-0.0537,0.0824,-0.0537,0.6662,0.4019,2.1765,0.7024,-0.2155,2513,4,0.5000,-0.0328,0.0216,0.3478,0.6957,-0.0070,0.0521,5205.1966,17.6986,0.3403,27,0.5185,0.0134,23,0.5217,-0.0050,20,0.6000,0.0109,77,0.4805,-0.0065,51,0.5294,-0.0134,35,0.5714,-0.0083,83,0.4337,-0.0088,52,0.5192,-0.0103,33,0.5455,0.0014,"Semiconductors and memory (NVDA, MU)",False,0.0057,2.8800,62.0000,0.4418,2026-10-15,False
QCOM,188.0850,50-day pullback,No,1,38,0.5526,0.0063,0.0076,-0.0014,-0.1013,-0.0045,0.0049,13,0.5000,8,-0.0496,-0.1711,Armed,176.8604,-0.0597,54.9500,0.6172,0.1041,0.1212,-0.2439,0.1518,0.0234,0.1348,0.5436,2.1265,0.5075,-0.4098,2513,5,0.6000,-0.0221,0.0205,0.4211,0.6842,-0.0034,0.0479,4790.5730,2.6525,0.1383,23,0.5652,0.0026,19,0.4737,-0.0073,15,0.5333,-0.0237,48,0.5833,0.0001,38,0.5526,-0.0014,25,0.4400,-0.0067,80,0.4250,-0.0122,47,0.4468,-0.0199,30,0.3000,-0.0438,"Semiconductors and memory (NVDA, MU)",False,0.0401,3.3400,-53046.0000,0.5647,2026-11-04,False
TXN,282.9650,10% drawdown,No,1,27,0.5185,0.0100,0.0075,0.0024,0.2149,0.0136,-0.0033,18,0.4000,5,-0.0416,-0.0968,Signal in last 3 sessions,278.8861,-0.0144,63.8722,1.0253,0.0455,0.1524,-0.1441,0.0940,-0.0458,0.5730,0.4250,1.4588,0.4452,-0.2337,2513,3,0.6667,-0.0149,0.0201,0.3704,0.6667,0.0004,0.0898,8978.4613,4.3250,0.1821,23,0.5217,0.0051,19,0.5789,-0.0018,14,0.5714,0.0153,87,0.5172,-0.0013,60,0.5333,-0.0073,41,0.5854,0.0044,44,0.5227,0.0020,27,0.5185,0.0024,17,0.4706,0.0272,"Semiconductors and memory (NVDA, MU)",False,0.0241,3.6100,-320475.0000,0.5158,2026-10-27,False
CRM,226.5250,50-day pullback,No,1,33,0.5758,0.0064,0.0067,-0.0004,-0.0351,0.0068,-0.0309,6,0.5000,6,-0.0459,-0.1129,Armed,222.1673,-0.0192,44.9673,0.0755,0.0509,0.1325,-0.1433,-0.1136,0.4485,-0.0616,0.4757,0.4604,0.1256,-0.4333,2513,4,0.5000,-0.0177,0.0172,0.4242,0.7273,-0.0024,0.0640,6403.2286,2.2423,0.1248,27,0.5185,-0.0064,20,0.5500,-0.0043,19,0.6316,0.0014,44,0.5682,-0.0113,33,0.5758,-0.0004,28,0.6786,0.0082,66,0.4848,-0.0064,39,0.5385,-0.0173,23,0.5652,-0.0296,"Mega-cap platforms (AMZN, GOOGL, META, MSFT)",False,0.0454,1.9700,-324.0000,2.0745,2026-12-02,False
TSLA,353.0500,BB dip,No,1,18,0.5556,-0.0112,0.0193,-0.0305,-0.9480,-0.0520,-0.0058,9,0.4000,5,-0.1087,-0.3424,Trend filter off,351.4631,-0.0045,44.8998,0.1456,0.0161,-0.1055,-0.2793,0.0123,-0.1606,-0.1983,0.4595,2.2145,0.6252,-0.3910,2513,2,,-0.0844,0.0211,0.3861,0.7222,-0.0325,0.0000,0.0000,25.3864,0.3873,24,0.5000,-0.0252,18,0.5556,-0.0305,15,0.5333,-0.0085,45,0.4444,-0.0232,31,0.4194,-0.0461,23,0.3913,-0.0664,159,0.4906,-0.0069,92,0.4891,-0.0151,54,0.5370,-0.0181,"Mega-cap platforms (AMZN, GOOGL, META, MSFT)",False,0.0195,1.7900,-34619.0000,1.2329,2026-10-21,False
CEG,266.1600,10% drawdown,No,1,32,0.5938,0.0120,0.0188,-0.0068,-0.3180,-0.0039,-0.0040,17,0.5000,4,-0.0767,-0.1959,Trend filter off,269.1450,0.0112,47.1416,0.3812,-0.0221,-0.0778,-0.3374,-0.0383,0.0733,-0.1920,0.4708,1.3176,0.3631,-0.4122,1178,4,0.5000,-0.0427,0.0304,0.4375,0.7500,-0.0088,0.0744,7444.4550,5.5832,0.4942,17,0.5882,-0.0062,15,0.5333,-0.0107,13,0.6154,0.0305,28,0.5357,-0.0095,20,0.5500,-0.0209,13,0.4615,-0.0584,55,0.5091,-0.0114,32,0.5938,-0.0068,19,0.4211,-0.0164,Power and clean energy (BE),False,0.0370,4.5700,1500.0000,1.6156,2026-11-09,False
FSLR,172.5650,BB dip,No,1,19,0.5263,0.0296,0.0101,0.0194,0.6447,-0.0468,0.0800,10,0.5714,7,-0.0686,-0.2284,Trend filter off,176.5541,0.0231,33.0091,0.0204,-0.1759,-0.2348,-0.4578,-0.1560,-0.2687,-0.2157,0.5488,1.8291,0.4324,-0.4590,2513,5,0.4000,-0.0318,0.0689,0.3158,0.6842,0.0174,0.1203,12026.4697,3.4157,0.1601,25,0.5200,-0.0099,19,0.5263,0.0194,18,0.5000,-0.0022,61,0.4590,-0.0037,42,0.5238,0.0032,29,0.4828,0.0112,96,0.4688,-0.0066,56,0.5357,-0.0114,37,0.4865,-0.0440,Power and clean energy (BE),False,0.1280,5.6500,-62719.0000,0.1469,2026-10-29,False
SPXU,34.4050,10% drawdown,n/a (decay),1,21,0.2381,-0.0555,-0.0162,-0.0393,-1.3779,-0.0141,-0.0804,8,0.0000,4,-0.1149,-0.2809,Trend filter off,35.5726,0.0339,49.5746,0.4676,-0.0111,-0.1809,-0.4336,0.0149,-0.0612,-0.3440,0.3869,-2.9812,-0.9995,-0.4626,2513,4,0.2500,-0.0827,0.0112,0.0952,0.3810,-0.0413,0.0000,0.0000,-0.9953,-0.4149,2,0.0000,-0.0463,1,0.0000,-0.0973,1,0.0000,-0.1650,13,0.4615,0.0295,8,0.3750,0.0292,6,0.3333,-0.0588,36,0.3611,-0.0181,21,0.2381,-0.0393,13,0.2308,-0.0419,Inverse ETFs (SDS),False,,,,0.1967,,False
SQQQ,34.5350,10% drawdown,n/a (decay),1,24,0.3333,-0.0278,-0.0236,-0.0042,-0.1117,0.0324,-0.0654,9,0.0000,4,-0.1274,-0.2836,Trend filter off,43.8728,0.2704,39.9441,0.2249,-0.1040,-0.3377,-0.6020,-0.0912,-0.0354,-0.5280,0.5953,-4.2670,-0.9299,-0.6163,2513,4,0.2500,-0.0623,0.0576,0.1667,0.5000,-0.0062,0.0000,0.0000,-0.9997,-0.5506,2,0.0000,-0.0867,1,0.0000,-0.1638,1,0.0000,-0.1868,13,0.5385,0.0369,9,0.4444,0.0243,8,0.2500,-0.0863,40,0.4250,-0.0040,24,0.3333,-0.0042,13,0.3077,-0.0023,Inverse ETFs (SDS),False,,,,0.6186,,False
SH,32.2601,10% drawdown,n/a (decay),0,11,0.2727,-0.0062,-0.0045,-0.0017,-0.1028,-0.0001,-0.0045,4,0.2500,4,-0.0339,-0.1062,Trend filter off,30.2563,-0.0621,50.4905,0.4925,-0.0011,-0.0488,-0.1578,0.0071,-0.0139,-0.1001,0.1290,-0.9930,-0.9989,-0.1749,2513,2,,-0.0255,0.0266,0.0909,0.5455,-0.0037,0.0000,0.0000,-0.7398,-0.1260,5,0.4000,-0.0039,3,0.0000,-0.0226,3,0.3333,-0.0261,17,0.2353,-0.0064,11,0.0909,-0.0099,7,0.1429,-0.0253,19,0.2632,-0.0097,11,0.2727,-0.0017,6,0.3333,-0.0129,Inverse ETFs (SDS),False,,,,0.0658,,False
