date,list,rank,ticker,score,close,level,vix,regime
2026-09-22,long,1,CB,63.0,335.77,SMA100,14.21,Complacent
2026-09-22,long,2,NWSA,57.2,29.25,SMA50,14.21,Complacent
2026-09-22,long,3,FRT,55.5,110.46,SMA200,14.21,Complacent
2026-09-22,long,4,OKE,55.5,90.09,SMA100,14.21,Complacent
2026-09-22,long,5,AJG,55.4,230.45,SMA200,14.21,Complacent
2026-09-22,long,6,D,54.5,62.43,SMA200,14.21,Complacent
2026-09-22,long,7,RF,52.8,27.91,SMA200,14.21,Complacent
2026-09-22,long,8,KHC,51.4,24.0,BB lower,14.21,Complacent
2026-09-22,long,9,GL,50.1,169.43,SMA100,14.21,Complacent
2026-09-22,long,10,IT,49.7,178.75,SMA200,14.21,Complacent
2026-09-22,long,11,LYB,48.8,59.24,SMA200,14.21,Complacent
2026-09-22,long,12,MCK,47.8,891.23,SMA20,14.21,Complacent
2026-09-22,long,13,ALL,43.7,229.5,SMA200,14.21,Complacent
2026-09-22,long,14,WELL,43.1,230.39,SMA100,14.21,Complacent
2026-09-22,long,15,BALL,42.4,59.97,SMA200,14.21,Complacent
2026-09-22,long,16,WMB,42.2,70.98,SMA200,14.21,Complacent
2026-09-22,long,17,ROP,41.6,363.85,SMA200,14.21,Complacent
2026-09-22,long,18,CHD,41.4,96.12,SMA200,14.21,Complacent
2026-09-22,long,19,T,39.6,25.1,SMA50,14.21,Complacent
2026-09-22,long,20,FAST,39.4,50.08,SMA50,14.21,Complacent
2026-09-22,long,21,ADBE,37.2,238.25,BB lower,14.21,Complacent
2026-09-22,long,22,AWK,35.4,133.82,SMA200,14.21,Complacent
2026-09-22,long,23,GS,34.5,949.49,BB lower,14.21,Complacent
2026-09-22,long,24,CTVA,34.3,80.34,SMA200,14.21,Complacent
2026-09-22,long,25,VTRS,33.5,17.18,SMA50,14.21,Complacent
2026-09-22,fade,1,TEL,77.4,213.48,SMA200,14.21,Complacent
2026-09-22,fade,2,SHW,76.3,328.35,SMA100,14.21,Complacent
2026-09-22,fade,3,VST,66.9,140.41,SMA20,14.21,Complacent
2026-09-22,fade,4,NVR,61.3,6338.92,SMA50,14.21,Complacent
2026-09-22,fade,5,NXPI,57.8,237.57,SMA50,14.21,Complacent
2026-09-22,fade,6,AMT,54.1,175.25,SMA100,14.21,Complacent
2026-09-22,fade,7,DDOG,50.8,247.48,SMA50,14.21,Complacent
2026-09-22,fade,8,CL,48.4,87.05,SMA200,14.21,Complacent
2026-09-22,fade,9,BALL,47.2,59.97,SMA100,14.21,Complacent
2026-09-22,fade,10,BF-B,46.1,26.56,SMA200,14.21,Complacent
2026-09-22,fade,11,BX,44.5,124.01,SMA100,14.21,Complacent
2026-09-22,fade,12,XYZ,43.9,77.53,SMA100,14.21,Complacent
2026-09-22,fade,13,LUV,42.2,42.08,SMA100,14.21,Complacent
2026-09-22,fade,14,PWR,40.0,642.63,SMA50,14.21,Complacent
2026-09-22,fade,15,AIZ,38.7,271.08,SMA100,14.21,Complacent
2026-09-22,fade,16,MET,37.5,95.92,SMA50,14.21,Complacent
2026-09-22,fade,17,BEN,37.5,33.13,SMA100,14.21,Complacent
2026-09-22,fade,18,CVNA,36.7,65.4,SMA100,14.21,Complacent
2026-09-22,fade,19,DHI,36.5,144.11,SMA100,14.21,Complacent
2026-09-22,fade,20,CEG,34.0,263.46,SMA50,14.21,Complacent
2026-09-22,fade,21,MTB,31.9,223.42,SMA200,14.21,Complacent
2026-09-22,fade,22,KVUE,30.7,17.86,SMA100,14.21,Complacent
2026-09-22,fade,23,IBKR,28.9,91.88,SMA50,14.21,Complacent
2026-09-22,fade,24,LDOS,28.7,123.31,SMA50,14.21,Complacent
2026-09-22,fade,25,PPG,28.5,107.77,SMA200,14.21,Complacent
2026-09-21,long,1,D,62.3,62.82,SMA200,15.18,Complacent
2026-09-21,long,2,TFC,61.5,49.0,SMA200,15.18,Complacent
2026-09-21,long,3,FRT,60.5,110.63,SMA200,15.18,Complacent
2026-09-21,long,4,LYB,60.5,60.24,SMA200,15.18,Complacent
2026-09-21,long,5,CME,58.2,275.53,SMA200,15.18,Complacent
2026-09-21,long,6,CB,57.8,337.26,SMA100,15.18,Complacent
2026-09-21,long,7,CHD,53.3,95.49,SMA200,15.18,Complacent
2026-09-21,long,8,FAST,52.4,49.65,SMA50,15.18,Complacent
2026-09-21,long,9,PGR,50.8,212.24,SMA100,15.18,Complacent
2026-09-21,long,10,AJG,50.7,236.61,SMA200,15.18,Complacent
2026-09-21,long,11,RF,50.7,28.55,SMA200,15.18,Complacent
2026-09-21,long,12,BALL,48.0,59.71,SMA200,15.18,Complacent
2026-09-21,long,13,KO,45.6,87.12,SMA50,15.18,Complacent
2026-09-21,long,14,MCK,45.0,886.47,SMA20,15.18,Complacent
2026-09-21,long,15,CTVA,44.9,79.11,SMA200,15.18,Complacent
2026-09-21,long,16,ROP,43.8,365.4,SMA200,15.18,Complacent
2026-09-21,long,17,OKE,42.9,91.8,SMA100,15.18,Complacent
2026-09-21,long,18,KHC,40.7,24.37,BB lower,15.18,Complacent
2026-09-21,long,19,GS,39.7,959.39,BB lower,15.18,Complacent
2026-09-21,long,20,T,39.7,25.1,SMA50,15.18,Complacent
2026-09-21,long,21,ADBE,37.2,238.25,BB lower,15.18,Complacent
2026-09-21,long,22,TKO,34.8,191.12,SMA100,15.18,Complacent
2026-09-21,long,23,AWK,34.4,133.97,SMA200,15.18,Complacent
2026-09-21,long,24,STX,34.1,877.33,SMA20,15.18,Complacent
2026-09-21,long,25,GL,33.8,172.16,SMA100,15.18,Complacent
2026-09-21,fade,1,VST,68.0,140.41,SMA20,15.18,Complacent
2026-09-21,fade,2,DDOG,58.7,245.05,SMA50,15.18,Complacent
2026-09-21,fade,3,NVR,57.8,6188.95,SMA100,15.18,Complacent
2026-09-21,fade,4,CVNA,55.5,67.18,SMA100,15.18,Complacent
2026-09-21,fade,5,NXPI,51.8,232.41,SMA50,15.18,Complacent
2026-09-21,fade,6,TEL,51.8,210.01,SMA200,15.18,Complacent
2026-09-21,fade,7,AMT,50.3,174.6,SMA100,15.18,Complacent
2026-09-21,fade,8,BX,49.5,126.41,SMA100,15.18,Complacent
2026-09-21,fade,9,LDOS,47.7,128.23,SMA50,15.18,Complacent
2026-09-21,fade,10,KR,44.4,59.69,SMA100,15.18,Complacent
2026-09-21,fade,11,SHW,43.8,321.31,SMA100,15.18,Complacent
2026-09-21,fade,12,BALL,42.0,59.71,SMA100,15.18,Complacent
2026-09-21,fade,13,PWR,40.3,642.61,SMA50,15.18,Complacent
2026-09-21,fade,14,CL,38.7,86.26,SMA200,15.18,Complacent
2026-09-21,fade,15,XYZ,37.8,77.91,SMA100,15.18,Complacent
2026-09-21,fade,16,APO,37.8,127.91,SMA50,15.18,Complacent
2026-09-21,fade,17,MPWR,35.8,1277.68,SMA50,15.18,Complacent
2026-09-21,fade,18,BF-B,35.1,26.15,SMA100,15.18,Complacent
2026-09-21,fade,19,CEG,33.8,262.11,SMA50,15.18,Complacent
2026-09-21,fade,20,TPL,33.4,366.8,SMA100,15.18,Complacent
2026-09-21,fade,21,TER,32.1,381.54,SMA100,15.18,Complacent
2026-09-21,fade,22,EME,29.8,757.71,SMA200,15.18,Complacent
2026-09-21,fade,23,LUV,29.7,41.77,SMA100,15.18,Complacent
2026-09-21,fade,24,MET,27.6,96.64,SMA50,15.18,Complacent
2026-09-21,fade,25,FSLR,26.9,199.84,SMA50,15.18,Complacent
2026-09-23,long,1,CB,69.4,335.21,SMA100,15.67,Normal
2026-09-23,long,2,LYB,62.9,59.97,SMA200,15.67,Normal
2026-09-23,long,3,ALL,60.4,225.66,SMA200,15.67,Normal
2026-09-23,long,4,AJG,60.2,229.64,SMA200,15.67,Normal
2026-09-23,long,5,KHC,59.7,23.79,BB lower,15.67,Normal
2026-09-23,long,6,MCK,59.2,880.5,SMA50,15.67,Normal
2026-09-23,long,7,OKE,59.1,90.54,SMA100,15.67,Normal
2026-09-23,long,8,ARE,58.8,51.86,SMA50,15.67,Normal
2026-09-23,long,9,GOOGL,58.4,337.83,SMA200,15.67,Normal
2026-09-23,long,10,BALL,57.4,58.82,BB lower,15.67,Normal
2026-09-23,long,11,IT,56.2,178.52,SMA200,15.67,Normal
2026-09-23,long,12,GL,55.5,168.75,SMA100,15.67,Normal
2026-09-23,long,13,NWSA,54.7,28.12,SMA100,15.67,Normal
2026-09-23,long,14,WELL,51.3,229.87,SMA100,15.67,Normal
2026-09-23,long,15,CHD,50.1,96.02,SMA200,15.67,Normal
2026-09-23,long,16,ROP,48.4,366.36,SMA200,15.67,Normal
2026-09-23,long,17,GOOG,47.9,334.98,SMA200,15.67,Normal
2026-09-23,long,18,GS,45.9,936.36,BB lower,15.67,Normal
2026-09-23,long,19,AWK,45.8,133.06,SMA200,15.67,Normal
2026-09-23,long,20,ABNB,45.6,149.58,SMA200,15.67,Normal
2026-09-23,long,21,RTX,45.5,192.19,SMA200,15.67,Normal
2026-09-23,long,22,WMB,44.0,71.11,SMA200,15.67,Normal
2026-09-23,long,23,T,43.2,25.3,SMA20,15.67,Normal
2026-09-23,long,24,CME,42.4,270.8,SMA200,15.67,Normal
2026-09-23,long,25,CTVA,38.6,80.42,SMA200,15.67,Normal
2026-09-23,fade,1,SHW,65.7,326.46,SMA100,15.67,Normal
2026-09-23,fade,2,TEL,59.1,214.39,SMA200,15.67,Normal
2026-09-23,fade,3,NVR,57.2,6241.61,SMA100,15.67,Normal
2026-09-23,fade,4,MTB,46.4,219.58,SMA200,15.67,Normal
2026-09-23,fade,5,NXPI,45.5,235.44,SMA50,15.67,Normal
2026-09-23,fade,6,BEN,43.2,32.71,SMA100,15.67,Normal
2026-09-23,fade,7,AIZ,39.7,266.97,SMA100,15.67,Normal
2026-09-23,fade,8,VST,39.1,137.97,SMA20,15.67,Normal
2026-09-23,fade,9,DDOG,36.8,251.49,SMA50,15.67,Normal
2026-09-23,fade,10,BF-B,33.0,26.29,SMA100,15.67,Normal
2026-09-23,fade,11,LDOS,32.5,124.69,SMA50,15.67,Normal
2026-09-23,fade,12,IBKR,32.2,91.56,SMA50,15.67,Normal
2026-09-23,fade,13,CEG,30.5,263.88,SMA50,15.67,Normal
2026-09-23,fade,14,XYZ,28.9,74.68,SMA100,15.67,Normal
2026-09-23,fade,15,CL,27.0,85.93,SMA200,15.67,Normal
2026-09-23,fade,16,BALL,26.8,58.82,SMA100,15.67,Normal
2026-09-23,fade,17,J,26.4,141.12,SMA50,15.67,Normal
2026-09-23,fade,18,AMT,26.4,170.78,SMA100,15.67,Normal
2026-09-23,fade,19,PWR,25.2,634.9,SMA50,15.67,Normal
2026-09-23,fade,20,GWW,22.1,1270.67,SMA20,15.67,Normal
2026-09-23,fade,21,APO,22.0,124.36,SMA50,15.67,Normal
2026-09-23,fade,22,TER,21.7,389.14,SMA100,15.67,Normal
2026-09-23,fade,23,FOXA,21.5,63.96,SMA50,15.67,Normal
2026-09-23,fade,24,EME,21.3,751.8,SMA200,15.67,Normal
2026-09-23,fade,25,MET,19.5,97.2,SMA50,15.67,Normal
2026-09-24,long,1,MCK,58.7,869.36,SMA50,14.87,Complacent
2026-09-24,long,2,CB,57.8,334.84,SMA100,14.87,Complacent
2026-09-24,long,3,CHD,56.7,95.33,SMA200,14.87,Complacent
2026-09-24,long,4,ALL,56.1,227.17,BB lower,14.87,Complacent
2026-09-24,long,5,LYB,54.0,60.18,SMA200,14.87,Complacent
2026-09-24,long,6,AWK,51.7,131.53,SMA200,14.87,Complacent
2026-09-24,long,7,ARE,50.3,50.48,SMA50,14.87,Complacent
2026-09-24,long,8,IT,50.1,179.32,SMA200,14.87,Complacent
2026-09-24,long,9,FRT,49.3,110.35,SMA200,14.87,Complacent
2026-09-24,long,10,KHC,48.3,23.86,BB lower,14.87,Complacent
2026-09-24,long,11,WMB,46.5,70.58,SMA200,14.87,Complacent
2026-09-24,long,12,BALL,45.8,56.66,BB lower,14.87,Complacent
2026-09-24,long,13,OKE,45.5,91.18,SMA100,14.87,Complacent
2026-09-24,long,14,AJG,44.4,227.13,SMA200,14.87,Complacent
2026-09-24,long,15,GOOG,43.8,339.01,SMA200,14.87,Complacent
2026-09-24,long,16,CTVA,42.1,79.45,SMA200,14.87,Complacent
2026-09-24,long,17,GS,41.4,923.29,BB lower,14.87,Complacent
2026-09-24,long,18,T,40.7,25.45,SMA20,14.87,Complacent
2026-09-24,long,19,GOOGL,39.5,342.36,SMA200,14.87,Complacent
2026-09-24,long,20,ROP,38.7,364.02,SMA200,14.87,Complacent
2026-09-24,long,21,NWSA,38.6,28.44,SMA100,14.87,Complacent
2026-09-24,long,22,KO,37.8,88.1,SMA50,14.87,Complacent
2026-09-24,long,23,VRTX,37.4,522.38,SMA50,14.87,Complacent
2026-09-24,long,24,DXCM,35.2,87.47,SMA50,14.87,Complacent
2026-09-24,long,25,CAT,32.6,805.25,SMA200,14.87,Complacent
2026-09-24,fade,1,TEL,68.1,213.67,SMA200,14.87,Complacent
2026-09-24,fade,2,NVR,64.0,6235.49,SMA100,14.87,Complacent
2026-09-24,fade,3,XYZ,54.6,76.74,SMA100,14.87,Complacent
2026-09-24,fade,4,BEN,46.7,32.55,SMA100,14.87,Complacent
2026-09-24,fade,5,AMP,46.5,485.15,SMA200,14.87,Complacent
2026-09-24,fade,6,CRL,45.2,294.44,BB upper,14.87,Complacent
2026-09-24,fade,7,MTB,45.0,218.66,SMA200,14.87,Complacent
2026-09-24,fade,8,VST,44.5,137.94,SMA20,14.87,Complacent
2026-09-24,fade,9,KR,43.6,58.92,SMA100,14.87,Complacent
2026-09-24,fade,10,WTW,43.3,293.63,SMA100,14.87,Complacent
2026-09-24,fade,11,DIS,41.9,105.56,SMA20,14.87,Complacent
2026-09-24,fade,12,TYL,41.0,326.85,SMA100,14.87,Complacent
2026-09-24,fade,13,PWR,36.5,643.5,SMA50,14.87,Complacent
2026-09-24,fade,14,NXPI,36.2,230.16,SMA50,14.87,Complacent
2026-09-24,fade,15,SHW,35.9,320.4,SMA100,14.87,Complacent
2026-09-24,fade,16,COHR,30.9,290.61,SMA200,14.87,Complacent
2026-09-24,fade,17,BF-B,30.0,26.0,SMA100,14.87,Complacent
2026-09-24,fade,18,FOXA,29.3,63.84,SMA50,14.87,Complacent
2026-09-24,fade,19,CEG,28.6,261.62,SMA50,14.87,Complacent
2026-09-24,fade,20,AMT,27.6,167.26,SMA50,14.87,Complacent
2026-09-24,fade,21,MPWR,26.9,1335.55,SMA50,14.87,Complacent
2026-09-24,fade,22,IBKR,25.9,89.82,SMA50,14.87,Complacent
2026-09-24,fade,23,MET,25.7,97.25,SMA50,14.87,Complacent
2026-09-24,fade,24,CVNA,24.3,64.18,SMA100,14.87,Complacent
2026-09-24,fade,25,LDOS,24.0,123.35,SMA50,14.87,Complacent
2026-09-25,long,1,AWK,62.8,130.91,SMA200,16.07,Normal
2026-09-25,long,2,BALL,62.3,56.83,BB lower,16.07,Normal
2026-09-25,long,3,MCK,61.7,866.64,SMA50,16.07,Normal
2026-09-25,long,4,ALL,60.7,227.6,BB lower,16.07,Normal
2026-09-25,long,5,ARE,60.3,49.93,SMA200,16.07,Normal
2026-09-25,long,6,KHC,58.2,23.63,BB lower,16.07,Normal
2026-09-25,long,7,AJG,58.1,231.1,SMA200,16.07,Normal
2026-09-25,long,8,CB,57.5,333.37,SMA100,16.07,Normal
2026-09-25,long,9,FRT,56.8,110.52,SMA200,16.07,Normal
2026-09-25,long,10,CTVA,55.3,78.52,SMA200,16.07,Normal
2026-09-25,long,11,OKE,52.1,88.63,SMA100,16.07,Normal
2026-09-25,long,12,DXCM,51.9,86.62,SMA50,16.07,Normal
2026-09-25,long,13,KO,48.7,87.81,SMA50,16.07,Normal
2026-09-25,long,14,WMB,46.7,69.26,SMA200,16.07,Normal
2026-09-25,long,15,CHD,44.4,96.38,SMA200,16.07,Normal
2026-09-25,long,16,WELL,43.7,231.37,SMA100,16.07,Normal
2026-09-25,long,17,GOOG,43.1,341.08,SMA200,16.07,Normal
2026-09-25,long,18,T,42.8,25.38,SMA20,16.07,Normal
2026-09-25,long,19,FAST,41.1,50.43,SMA50,16.07,Normal
2026-09-25,long,20,GOOGL,39.8,343.92,SMA200,16.07,Normal
2026-09-25,long,21,CDNS,34.1,326.13,SMA200,16.07,Normal
2026-09-25,long,22,GNRC,33.0,208.14,SMA200,16.07,Normal
2026-09-25,long,23,STT,31.1,181.34,SMA100,16.07,Normal
2026-09-25,long,24,GS,29.5,935.45,BB lower,16.07,Normal
2026-09-25,long,25,STX,27.1,916.83,SMA20,16.07,Normal
2026-09-25,fade,1,SHW,58.8,329.1,SMA100,16.07,Normal
2026-09-25,fade,2,NVR,55.9,6297.6,SMA100,16.07,Normal
2026-09-25,fade,3,LUV,45.7,42.68,SMA100,16.07,Normal
2026-09-25,fade,4,VST,44.0,138.46,SMA20,16.07,Normal
2026-09-25,fade,5,TT,43.5,454.44,SMA50,16.07,Normal
2026-09-25,fade,6,XYZ,43.3,76.42,SMA100,16.07,Normal
2026-09-25,fade,7,NXPI,41.8,238.08,SMA50,16.07,Normal
2026-09-25,fade,8,MTB,41.7,221.19,SMA200,16.07,Normal
2026-09-25,fade,9,MOS,41.4,23.01,SMA100,16.07,Normal
2026-09-25,fade,10,WTW,39.0,293.99,SMA100,16.07,Normal
2026-09-25,fade,11,KR,38.6,58.74,SMA100,16.07,Normal
2026-09-25,fade,12,TYL,36.7,325.57,SMA100,16.07,Normal
2026-09-25,fade,13,TSLA,34.7,372.11,SMA20,16.07,Normal
2026-09-25,fade,14,BEN,33.7,33.02,SMA100,16.07,Normal
2026-09-25,fade,15,AMP,33.2,493.0,SMA200,16.07,Normal
2026-09-25,fade,16,RSG,32.0,212.1,SMA200,16.07,Normal
2026-09-25,fade,17,DIS,31.6,106.15,SMA20,16.07,Normal
2026-09-25,fade,18,CVNA,30.4,65.06,SMA100,16.07,Normal
2026-09-25,fade,19,AMT,30.3,169.03,SMA50,16.07,Normal
2026-09-25,fade,20,TRGP,29.6,277.84,SMA100,16.07,Normal
2026-09-25,fade,21,PWR,27.8,649.13,SMA50,16.07,Normal
2026-09-25,fade,22,EME,27.7,762.21,SMA200,16.07,Normal
2026-09-25,fade,23,CEG,27.0,263.27,SMA50,16.07,Normal
2026-09-25,fade,24,CRL,26.8,292.84,BB upper,16.07,Normal
2026-09-25,fade,25,CL,25.8,86.06,SMA200,16.07,Normal
2026-09-28,long,1,T,65.0,24.9,SMA50,16.04,Normal
2026-09-28,long,2,KO,59.5,87.18,SMA50,16.04,Normal
2026-09-28,long,3,CHD,56.8,95.62,SMA200,16.04,Normal
2026-09-28,long,4,KHC,55.7,23.56,BB lower,16.04,Normal
2026-09-28,long,5,BALL,53.6,57.13,BB lower,16.04,Normal
2026-09-28,long,6,ARE,51.7,48.66,SMA200,16.04,Normal
2026-09-28,long,7,ALL,51.0,227.55,SMA200,16.04,Normal
2026-09-28,long,8,OKE,51.0,88.62,SMA100,16.04,Normal
2026-09-28,long,9,GOOG,48.4,339.16,SMA200,16.04,Normal
2026-09-28,long,10,PGR,48.4,209.47,SMA100,16.04,Normal
2026-09-28,long,11,AJG,46.6,229.46,SMA200,16.04,Normal
2026-09-28,long,12,CTVA,46.1,77.74,SMA200,16.04,Normal
2026-09-28,long,13,DXCM,45.8,86.68,SMA50,16.04,Normal
2026-09-28,long,14,AWK,45.5,128.93,SMA200,16.04,Normal
2026-09-28,long,15,WMB,42.9,68.98,SMA200,16.04,Normal
2026-09-28,long,16,GOOGL,42.8,342.75,SMA200,16.04,Normal
2026-09-28,long,17,FAST,42.1,50.49,SMA50,16.04,Normal
2026-09-28,long,18,XYZ,41.7,73.31,SMA200,16.04,Normal
2026-09-28,long,19,STT,39.9,179.73,SMA100,16.04,Normal
2026-09-28,long,20,SW,39.6,45.07,SMA100,16.04,Normal
2026-09-28,long,21,GS,38.6,916.28,BB lower,16.04,Normal
2026-09-28,long,22,CDNS,38.3,326.7,SMA200,16.04,Normal
2026-09-28,long,23,VRTX,34.7,527.67,SMA50,16.04,Normal
2026-09-28,long,24,NDAQ,34.5,92.62,SMA200,16.04,Normal
2026-09-28,long,25,INTC,33.3,116.03,SMA100,16.04,Normal
2026-09-28,fade,1,NVR,61.7,6267.89,SMA100,16.04,Normal
2026-09-28,fade,2,KR,54.7,59.69,SMA100,16.04,Normal
2026-09-28,fade,3,TEL,51.4,214.71,SMA200,16.04,Normal
2026-09-28,fade,4,MTB,47.2,220.44,SMA200,16.04,Normal
2026-09-28,fade,5,WTW,44.0,292.11,SMA100,16.04,Normal
2026-09-28,fade,6,NXPI,40.9,236.32,SMA50,16.04,Normal
2026-09-28,fade,7,TYL,39.0,324.02,SMA100,16.04,Normal
2026-09-28,fade,8,MOS,38.5,22.25,SMA100,16.04,Normal
2026-09-28,fade,9,VST,38.4,138.02,SMA20,16.04,Normal
2026-09-28,fade,10,RSG,36.9,212.93,SMA200,16.04,Normal
2026-09-28,fade,11,DIS,36.6,105.59,SMA20,16.04,Normal
2026-09-28,fade,12,TT,35.3,452.06,SMA50,16.04,Normal
2026-09-28,fade,13,COHR,35.2,282.45,SMA200,16.04,Normal
2026-09-28,fade,14,TSLA,34.7,357.45,SMA20,16.04,Normal
2026-09-28,fade,15,BEN,33.8,32.68,SMA100,16.04,Normal
2026-09-28,fade,16,SNDK,32.0,1712.89,SMA20,16.04,Normal
2026-09-28,fade,17,LUV,31.4,42.28,SMA100,16.04,Normal
2026-09-28,fade,18,CL,31.3,86.52,SMA200,16.04,Normal
2026-09-28,fade,19,TRGP,31.1,277.43,SMA100,16.04,Normal
2026-09-28,fade,20,EME,30.8,765.52,SMA200,16.04,Normal
2026-09-28,fade,21,SHW,30.8,332.79,SMA100,16.04,Normal
2026-09-28,fade,22,MET,30.6,95.82,SMA50,16.04,Normal
2026-09-28,fade,23,CRL,29.3,294.59,BB upper,16.04,Normal
2026-09-28,fade,24,PWR,29.3,644.36,SMA50,16.04,Normal
2026-09-28,fade,25,AMP,28.6,496.16,SMA200,16.04,Normal
2026-09-30,long,1,FAST,68.7,49.72,SMA50,15.81,Normal
2026-09-30,long,2,ALL,64.6,224.05,SMA200,15.81,Normal
2026-09-30,long,3,STT,59.0,175.74,SMA100,15.81,Normal
2026-09-30,long,4,DXCM,53.6,86.42,SMA50,15.81,Normal
2026-09-30,long,5,KHC,53.1,22.96,BB lower,15.81,Normal
2026-09-30,long,6,AWK,51.7,130.6,SMA200,15.81,Normal
2026-09-30,long,7,MCK,51.7,861.2,SMA50,15.81,Normal
2026-09-30,long,8,BALL,50.6,56.31,BB lower,15.81,Normal
2026-09-30,long,9,WELL,46.1,231.12,SMA100,15.81,Normal
2026-09-30,long,10,CTVA,45.4,78.23,SMA200,15.81,Normal
2026-09-30,long,11,T,44.1,24.52,SMA50,15.81,Normal
2026-09-30,long,12,CHD,43.1,94.63,SMA200,15.81,Normal
2026-09-30,long,13,SW,42.6,44.74,SMA100,15.81,Normal
2026-09-30,long,14,AJG,41.7,228.69,SMA200,15.81,Normal
2026-09-30,long,15,PGR,41.6,208.58,SMA100,15.81,Normal
2026-09-30,long,16,VRTX,40.5,525.78,SMA50,15.81,Normal
2026-09-30,long,17,GOOG,36.6,345.71,SMA200,15.81,Normal
2026-09-30,long,18,GS,36.1,902.08,BB lower,15.81,Normal
2026-09-30,long,19,NDAQ,36.0,92.25,SMA200,15.81,Normal
2026-09-30,long,20,GNRC,34.8,207.71,SMA200,15.81,Normal
2026-09-30,long,21,FRT,33.3,108.6,BB lower,15.81,Normal
2026-09-30,long,22,GOOGL,31.0,349.09,SMA200,15.81,Normal
2026-09-30,long,23,STX,30.9,919.38,SMA20,15.81,Normal
2026-09-30,long,24,IBM,30.9,219.16,BB lower,15.81,Normal
2026-09-30,long,25,CAT,28.7,816.87,SMA200,15.81,Normal
2026-09-30,fade,1,TEL,52.1,211.94,SMA200,15.81,Normal
2026-09-30,fade,2,KR,49.5,59.52,SMA100,15.81,Normal
2026-09-30,fade,3,TYL,44.0,319.28,SMA100,15.81,Normal
2026-09-30,fade,4,COHR,42.6,286.3,SMA200,15.81,Normal
2026-09-30,fade,5,VST,39.6,137.8,SMA20,15.81,Normal
2026-09-30,fade,6,NXPI,35.7,236.05,SMA50,15.81,Normal
2026-09-30,fade,7,TRGP,34.6,271.48,SMA100,15.81,Normal
2026-09-30,fade,8,MOS,34.5,21.77,SMA100,15.81,Normal
2026-09-30,fade,9,NVR,34.2,6165.78,SMA50,15.81,Normal
2026-09-30,fade,10,SLB,34.1,49.02,SMA200,15.81,Normal
2026-09-30,fade,11,VZ,33.4,45.94,SMA200,15.81,Normal
2026-09-30,fade,12,SHW,33.2,323.4,SMA100,15.81,Normal
2026-09-30,fade,13,ABT,32.7,99.41,SMA100,15.81,Normal
2026-09-30,fade,14,DIS,31.9,105.34,SMA20,15.81,Normal
2026-09-30,fade,15,SNDK,31.4,1750.53,SMA20,15.81,Normal
2026-09-30,fade,16,TT,30.6,456.69,SMA50,15.81,Normal
2026-09-30,fade,17,AMP,30.2,493.95,SMA200,15.81,Normal
2026-09-30,fade,18,TXN,28.9,281.55,SMA100,15.81,Normal
2026-09-30,fade,19,CRL,28.8,297.18,BB upper,15.81,Normal
2026-09-30,fade,20,BF-B,28.5,26.25,SMA200,15.81,Normal
2026-09-30,fade,21,PWR,27.6,645.11,SMA50,15.81,Normal
2026-09-30,fade,22,TSLA,27.1,352.62,SMA20,15.81,Normal
2026-09-30,fade,23,WTW,26.5,287.74,SMA100,15.81,Normal
2026-09-30,fade,24,MTB,25.7,216.99,SMA200,15.81,Normal
2026-09-30,fade,25,LRCX,24.0,327.79,BB upper,15.81,Normal
2026-09-29,long,1,ALL,63.5,225.42,SMA200,16.34,Normal
2026-09-29,long,2,FAST,58.0,49.96,SMA50,16.34,Normal
2026-09-29,long,3,MCK,56.6,864.82,SMA50,16.34,Normal
2026-09-29,long,4,GNRC,55.5,212.22,SMA200,16.34,Normal
2026-09-29,long,5,KHC,55.0,23.45,BB lower,16.34,Normal
2026-09-29,long,6,KO,54.8,86.84,SMA50,16.34,Normal
2026-09-29,long,7,GOOG,54.1,337.32,SMA200,16.34,Normal
2026-09-29,long,8,BALL,53.7,56.65,BB lower,16.34,Normal
2026-09-29,long,9,CHD,52.8,94.95,SMA200,16.34,Normal
2026-09-29,long,10,STT,51.8,177.78,SMA100,16.34,Normal
2026-09-29,long,11,AWK,49.5,129.8,SMA200,16.34,Normal
2026-09-29,long,12,DXCM,48.1,86.64,SMA50,16.34,Normal
2026-09-29,long,13,GOOGL,48.0,340.92,SMA200,16.34,Normal
2026-09-29,long,14,ARE,47.8,48.47,SMA200,16.34,Normal
2026-09-29,long,15,PGR,47.1,210.52,SMA100,16.34,Normal
2026-09-29,long,16,T,46.4,24.48,SMA50,16.34,Normal
2026-09-29,long,17,ABNB,44.3,156.96,SMA100,16.34,Normal
2026-09-29,long,18,CTVA,44.2,77.87,SMA200,16.34,Normal
2026-09-29,long,19,NDAQ,42.2,91.85,SMA200,16.34,Normal
2026-09-29,long,20,NWSA,41.7,28.52,SMA100,16.34,Normal
2026-09-29,long,21,AJG,38.6,227.75,SMA200,16.34,Normal
2026-09-29,long,22,VRTX,37.8,526.73,SMA50,16.34,Normal
2026-09-29,long,23,INTC,32.7,115.93,SMA100,16.34,Normal
2026-09-29,long,24,WELL,32.6,232.9,SMA100,16.34,Normal
2026-09-29,long,25,GS,32.3,916.24,BB lower,16.34,Normal
2026-09-29,fade,1,VST,60.8,140.83,SMA20,16.34,Normal
2026-09-29,fade,2,TEL,55.2,212.59,SMA200,16.34,Normal
2026-09-29,fade,3,NVR,52.4,6234.63,SMA100,16.34,Normal
2026-09-29,fade,4,SLB,50.4,49.87,SMA200,16.34,Normal
2026-09-29,fade,5,SHW,48.2,330.44,SMA100,16.34,Normal
2026-09-29,fade,6,TRGP,42.3,273.49,SMA100,16.34,Normal
2026-09-29,fade,7,MOS,41.5,22.42,SMA100,16.34,Normal
2026-09-29,fade,8,TYL,40.1,316.26,SMA100,16.34,Normal
2026-09-29,fade,9,NXPI,37.9,236.47,SMA50,16.34,Normal
2026-09-29,fade,10,KR,35.6,60.79,SMA100,16.34,Normal
2026-09-29,fade,11,TT,34.1,455.59,SMA50,16.34,Normal
2026-09-29,fade,12,CEG,33.5,264.58,SMA50,16.34,Normal
2026-09-29,fade,13,WTW,33.0,288.57,SMA100,16.34,Normal
2026-09-29,fade,14,BEN,32.9,32.67,SMA100,16.34,Normal
2026-09-29,fade,15,VZ,31.7,45.98,SMA200,16.34,Normal
2026-09-29,fade,16,DIS,31.6,105.41,SMA20,16.34,Normal
2026-09-29,fade,17,TXN,31.2,281.69,SMA100,16.34,Normal
2026-09-29,fade,18,FOXA,30.8,62.48,SMA100,16.34,Normal
2026-09-29,fade,19,CRL,29.5,295.96,BB upper,16.34,Normal
2026-09-29,fade,20,SNDK,29.4,1729.76,SMA20,16.34,Normal
2026-09-29,fade,21,BF-B,29.2,26.29,SMA200,16.34,Normal
2026-09-29,fade,22,CL,29.2,86.46,SMA200,16.34,Normal
2026-09-29,fade,23,TSLA,27.6,352.84,SMA20,16.34,Normal
2026-09-29,fade,24,EME,27.4,762.03,SMA200,16.34,Normal
2026-09-29,fade,25,LEN,27.4,83.01,BB upper,16.34,Normal
